epoch,train_loss
1,248.98427662739414
2,78.69699736461553
3,44.11267126802932
4,55.08463921861903
5,45.28852819122494
