epoch,train_loss
1,250.657183051866
2,78.47493614107952
3,63.8488379277951
4,39.08062232533757
5,45.045862143600516
