epoch,train_loss
1,245.109264564162
2,78.43033739757084
3,56.37477468837733
4,61.6460306196052
5,38.1705008071973
