epoch,train_loss
1,238.33392902911874
2,75.01995543449812
3,54.45639196727825
4,55.44780075524886
5,35.65358782044791
